{"cameraMode":{"drawMode":0,"name":"Shaded","section":"Shading Mode"},"sceneLighting":false,"audioPlay":false,"sceneViewState":{"showFog":true,"showMaterialUpdate":false,"showSkybox":true,"showFlares":true,"showImageEffects":true,"showParticleSystems":true},"in2DMode":false,"pivot":{"x":314.87762451171877,"y":49.98565673828125,"z":232.5433349609375},"rotation":{"x":0.07522790133953095,"y":-0.01795455627143383,"z":0.0013451209524646402,"w":0.997018575668335},"size":694.604248046875,"orthographic":false}